Sexo,Edad,Periodo,Total,Activos,Ocupados,Parados,ParadosSinExperiencia,Inactivos,Tasa_paro,Tasa_actividad,Outlier_actividad,Outlier_paro
Hombres,16-19,2024,1095.3,188.8,117.2,71.6,42.7,906.5,37.923728813559315,17.237286588149367,Normal,Normal
Hombres,16-19,2023,1046.3,167.1,94.7,72.4,43.8,879.2,43.32734889287852,15.970562936060404,Normal,AtipicoSuperior
Hombres,16-19,2022,1018.6,161.2,88.1,73.1,44.3,857.4,45.34739454094293,15.82564303946593,Normal,AtipicoSuperior
Hombres,16-19,2021,984,143.8,72.4,71.4,46.6,840.2,49.65229485396384,14.613821138211383,Normal,AtipicoSuperior
Hombres,16-19,2020,992,142.4,71,71.3,39,849.7,50.07022471910112,14.35483870967742,Normal,AtipicoSuperior
Hombres,16-19,2019,968.2,157.6,90.1,67.5,42.2,810.6,42.82994923857868,16.277628589134473,Normal,AtipicoSuperior
Hombres,16-19,2018,939,151.3,76.1,75.2,49,787.7,49.70257766027759,16.112886048988287,Normal,AtipicoSuperior
Hombres,16-19,2017,916.6,152.3,69.9,82.5,54.2,764.3,54.1694024950755,16.61575387300895,Normal,AtipicoSuperior
Hombres,16-19,2016,897.7,137.8,56.8,81.1,52.8,759.8,58.85341074020318,15.35033975715718,Normal,AtipicoSuperior
Hombres,16-19,2015,884.2,147,51.9,95.1,69.8,737.2,64.6938775510204,16.625197919022845,Normal,AtipicoSuperior
Hombres,16-19,2014,878.9,142.1,48.7,93.4,67.7,736.8,65.7283603096411,16.16793719422005,Normal,AtipicoSuperior
Hombres,16-19,2013,885.5,164.6,45.6,119,78.6,721,72.29647630619684,18.588368153585545,Normal,AtipicoSuperior
Hombres,16-19,2012,903,171.5,48,123.5,81.9,731.5,72.01166180758017,18.992248062015506,Normal,AtipicoSuperior
Hombres,16-19,2011,920.9,196.8,70,126.8,79.2,724,64.43089430894308,21.370398523183844,Normal,AtipicoSuperior
Hombres,16-19,2010,936.5,229.5,91.5,138,75.4,707,60.130718954248366,24.506139882541376,Normal,AtipicoSuperior
Hombres,16-19,2009,951.3,274.6,124.2,150.4,68,676.7,54.77057538237437,28.865762640597083,Normal,AtipicoSuperior
Hombres,16-19,2008,959.8,315.6,202.7,112.9,45.8,644.2,35.77313054499366,32.88185038549698,Normal,Normal
Hombres,16-19,2007,959.6,335.2,254.9,80.2,34.5,624.4,23.92601431980907,34.931221342225925,Normal,Normal
Hombres,16-19,2006,955.9,321,244.5,76.5,31.5,634.9,23.83177570093458,33.580918506119886,Normal,Normal
Hombres,20-24,2024,1350,798.6,613.1,185.5,56.3,551.4,23.22814926120711,59.15555555555556,Normal,Normal
Hombres,20-24,2023,1304.7,759,564.5,194.5,61.5,545.7,25.625823451910406,58.17429294090596,Normal,Normal
Hombres,20-24,2022,1255,717.1,538.5,178.5,64.5,537.9,24.89192581229954,57.1394422310757,Normal,Normal
Hombres,20-24,2021,1218.3,674.3,467.5,206.8,62.9,544,30.668841761827082,55.34761552983666,Normal,Normal
Hombres,20-24,2020,1205,649.6,427.2,222.4,52,555.4,34.23645320197044,53.908713692946066,Normal,Normal
Hombres,20-24,2019,1173.6,683.9,491.2,192.7,58.7,489.7,28.176634010820294,58.273687798227684,Normal,Normal
Hombres,20-24,2018,1147.7,668.1,454.5,213.6,67.4,479.6,31.971261787157605,58.21207632656618,Normal,Normal
Hombres,20-24,2017,1137.2,655.3,418.3,236.9,90.6,482,36.151381046848776,57.623988744284205,Normal,Normal
Hombres,20-24,2016,1144.2,657.4,388.2,269.2,93.8,486.8,40.94919379373289,57.4549903862961,Normal,AtipicoSuperior
Hombres,20-24,2015,1161.4,683.8,374.8,309,120.1,477.6,45.188651652529984,58.877217151713445,Normal,AtipicoSuperior
Hombres,20-24,2014,1181.3,712.6,349.4,363.2,129.7,468.7,50.96828515296098,60.32337255565903,Normal,AtipicoSuperior
Hombres,20-24,2013,1210.3,752,355.6,396.3,111.8,458.3,52.69946808510638,62.13335536643807,Normal,AtipicoSuperior
Hombres,20-24,2012,1243.4,783.9,390.3,393.6,89,459.4,50.21048603138156,63.04487695029757,Normal,AtipicoSuperior
Hombres,20-24,2011,1275.5,827.8,461.2,366.6,68.5,447.7,44.28605943464605,64.9000392003136,Normal,AtipicoSuperior
Hombres,20-24,2010,1315.4,886.4,543.6,342.8,49,429,38.67328519855596,67.38634635852212,Normal,Normal
Hombres,20-24,2009,1366.5,953.4,624.1,329.3,33.5,413.1,34.53954268932243,69.7694840834248,Normal,Normal
Hombres,20-24,2008,1413.2,1027.1,823.3,203.8,23.6,386.1,19.842274364716197,72.67902632323803,Normal,Normal
Hombres,20-24,2007,1436.7,1037.5,908.7,128.7,20.5,399.3,12.404819277108432,72.21410176098001,Normal,Normal
Hombres,20-24,2006,1459.2,1058.1,927.9,130.3,23,401.1,12.314526037236558,72.51233552631578,Normal,Normal
Hombres,25-29,2024,1345,1149.3,978.7,170.5,18.4,195.8,14.835117027756025,85.44981412639405,Normal,Normal
Hombres,25-29,2023,1314.1,1139.8,967.5,172.2,26.7,174.3,15.107913669064748,86.73616924130584,Normal,Normal
Hombres,25-29,2022,1283.3,1113.2,935,178.2,26.1,170.1,16.007905138339922,86.74511026260423,Normal,Normal
Hombres,25-29,2021,1272.9,1088.6,853.5,235.1,35.1,184.4,21.596546022414113,85.52125068740669,Normal,Normal
Hombres,25-29,2020,1272.2,1059.9,825,234.9,29.1,212.3,22.162468157373336,83.31237226851125,Normal,Normal
Hombres,25-29,2019,1265.7,1093.3,887,206.3,29.9,172.5,18.869477727979515,86.37907877064075,Normal,Normal
Hombres,25-29,2018,1253,1084.3,873.7,210.5,30.4,168.8,19.413446463155953,86.53631284916202,Normal,Normal
Hombres,25-29,2017,1245,1079.7,842.8,236.9,33.8,165.3,21.94127998518107,86.72289156626506,Normal,Normal
Hombres,25-29,2016,1256.3,1096.1,824.9,271.2,32.2,160.1,24.742268041237114,87.24826872562286,Normal,Normal
Hombres,25-29,2015,1290.8,1132.9,805.5,327.4,37.4,157.9,28.89928502074322,87.7672761078401,Normal,Normal
Hombres,25-29,2014,1333.1,1190.5,826,364.5,33,142.6,30.617387652246954,89.3031280474083,Normal,Normal
Hombres,25-29,2013,1400.8,1253,821,432,33.5,147.7,34.47725458898643,89.44888635065678,Normal,Normal
Hombres,25-29,2012,1487,1339.3,891.1,448.2,26.3,147.7,33.465243037407596,90.06724949562877,Normal,Normal
Hombres,25-29,2011,1578.7,1410.3,1026.5,383.8,26,168.4,27.214067928809477,89.33299550262875,Normal,Normal
Hombres,25-29,2010,1672.8,1491.9,1104.8,387.1,20.9,180.9,25.94677927475032,89.18579626972742,Normal,Normal
Hombres,25-29,2009,1770.9,1588.2,1217.8,370.4,14.9,182.7,23.32199974814255,89.68321192613925,Normal,Normal
Hombres,25-29,2008,1854.2,1669,1446.1,222.9,14.2,185.2,13.355302576393049,90.01186495523676,Normal,Normal
Hombres,25-29,2007,1897.3,1718.6,1590.2,128.4,10.6,178.7,7.47119748632608,90.58135244821588,Normal,Normal
Hombres,25-29,2006,1913.3,1731.8,1594.2,137.6,13.5,181.4,7.945490241367363,90.5137720169341,Normal,Normal
Hombres,30-34,2024,1432.9,1323.4,1185.2,138.2,6.8,109.5,10.442798851443252,92.35815479098332,Normal,Normal
Hombres,30-34,2023,1411,1303.3,1166.4,136.9,9.8,107.6,10.504104964321339,92.36711552090715,Normal,Normal
Hombres,30-34,2022,1383.4,1260.1,1113.7,146.4,8.8,123.3,11.61812554559162,91.0871765216134,Normal,Normal
Hombres,30-34,2021,1373.7,1248.1,1065.7,182.4,8.8,125.6,14.614213604679113,90.85681007497998,Normal,Normal
Hombres,30-34,2020,1370,1239.3,1052.4,186.8,8.7,130.7,15.073025094811587,90.45985401459853,Normal,Normal
Hombres,30-34,2019,1380.2,1281.2,1131.8,149.4,12.1,99,11.660942866063067,92.8271265034053,Normal,Normal
Hombres,30-34,2018,1394.7,1301.4,1127.9,173.5,7.3,93.4,13.331796526817271,93.31038933103893,Normal,Normal
Hombres,30-34,2017,1430.3,1334.9,1129.8,205.1,8.8,95.4,15.364446775039328,93.33007061455639,Normal,Normal
Hombres,30-34,2016,1495.3,1413.6,1163.7,249.8,8.7,81.8,17.671194114318055,94.53621346886912,Normal,Normal
Hombres,30-34,2015,1588.3,1505.3,1200.3,305,10.3,83,20.261741845479307,94.77428697349367,Normal,Normal
Hombres,30-34,2014,1676.6,1583.2,1216.1,367.1,6.7,93.5,23.187215765538152,94.42920195634022,Normal,Normal
Hombres,30-34,2013,1789.7,1688.9,1256.4,432.6,9.2,100.7,25.614305169044943,94.36777113482707,Normal,Normal
Hombres,30-34,2012,1911.3,1809.7,1352.7,457,9.5,101.6,25.25280433220976,94.68424632449118,Normal,Normal
Hombres,30-34,2011,2004.9,1895.2,1493.3,401.9,6.6,109.7,21.206205149852256,94.52840540675346,Normal,Normal
Hombres,30-34,2010,2074.6,1964.7,1586.6,378.1,5,109.8,19.24466839721077,94.70259327099201,Normal,Normal
Hombres,30-34,2009,2120.9,1998,1656.4,341.6,5.9,122.9,17.097097097097098,94.20529020698758,Normal,Normal
Hombres,30-34,2008,2127.4,2019.6,1838.5,181.1,5,107.8,8.96712220241632,94.93278179937951,Normal,Normal
Hombres,30-34,2007,2082.7,1966.6,1855.6,111,6.2,116.1,5.6442591274280485,94.4255053536275,Normal,Normal
Hombres,30-34,2006,2017.3,1900.2,1790.5,109.7,4.9,117.1,5.773076518261236,94.19521142120657,Normal,Normal
Hombres,35-39,2024,1519.3,1423.4,1313.4,110,2.6,95.9,7.727975270479134,93.6878825775028,Normal,Normal
Hombres,35-39,2023,1524.7,1425.6,1299.6,126.1,3.7,99,8.845398428731762,93.50036072670032,Normal,Normal
Hombres,35-39,2022,1539.3,1430.6,1288.9,141.7,3.1,108.7,9.904934992310919,92.93834860001299,Normal,Normal
Hombres,35-39,2021,1584.4,1473.4,1308.3,165.1,3.9,111,11.2053753223836,92.99419338550871,Normal,Normal
Hombres,35-39,2020,1612.6,1492.9,1316.8,176.1,4,119.7,11.795833612432178,92.57720451444872,Normal,Normal
Hombres,35-39,2019,1676.1,1574.3,1421.8,152.5,4.4,101.9,9.686844946960555,93.92637670783365,Normal,Normal
Hombres,35-39,2018,1742.9,1646.4,1463.7,182.7,4.6,96.6,11.096938775510203,94.4632509036663,Normal,Normal
Hombres,35-39,2017,1818.6,1726.5,1516.3,210.2,3.4,92.1,12.174920359108022,94.93566479709668,Normal,Normal
Hombres,35-39,2016,1895.3,1806.7,1545.4,261.3,3.6,88.7,14.462832789062933,95.32527832005488,Normal,Normal
Hombres,35-39,2015,1968.1,1874,1554.1,319.9,5,94,17.07043756670224,95.21873888521925,Normal,Normal
Hombres,35-39,2014,2017.8,1921.6,1541.6,380,6.2,96.2,19.775187343880102,95.23243136088809,Normal,Normal
Hombres,35-39,2013,2059.8,1959.9,1542.3,417.5,2.7,99.9,21.302107250369918,95.15001456452083,Normal,Normal
Hombres,35-39,2012,2083.9,1977.6,1568.4,409.3,3.3,106.2,20.696804207119744,94.89898747540668,Normal,Normal
Hombres,35-39,2011,2083.9,1982,1627.3,354.7,2.8,102,17.89606458123108,95.11013004462787,Normal,Normal
Hombres,35-39,2010,2063.1,1955.8,1628.7,327.1,1.9,107.3,16.724613968708457,94.79908874993941,Normal,Normal
Hombres,35-39,2009,2037.5,1917.8,1611,306.8,2.8,119.7,15.997497132130567,94.12515337423312,Normal,Normal
Hombres,35-39,2008,2003.3,1890.1,1735.4,154.7,2.2,113.2,8.184752129516957,94.34932361603354,Normal,Normal
Hombres,35-39,2007,1951.7,1849.5,1754.2,95.2,2.1,102.2,5.147337118140038,94.76353947840343,Normal,Normal
Hombres,35-39,2006,1892.8,1798.8,1708.6,90.2,1.8,94,5.01445408049811,95.03381234150466,Normal,Normal
Hombres,40-44,2024,1784.8,1664.5,1541.3,123.2,4,120.3,7.401622108741364,93.25974899148363,Normal,Normal
Hombres,40-44,2023,1840,1720.8,1588.9,131.8,1.4,119.2,7.659228265922828,93.52173913043478,Normal,Normal
Hombres,40-44,2022,1890.8,1775.4,1630.8,144.6,2.4,115.4,8.14464346062859,93.89676327480431,Normal,Normal
Hombres,40-44,2021,1943.8,1815.6,1644.5,171.1,2.9,128.2,9.423881912315487,93.40467126247556,Normal,Normal
Hombres,40-44,2020,1959.3,1810.3,1631.7,178.6,2.6,149,9.865768104734023,92.39524319910171,Normal,Normal
Hombres,40-44,2019,1991.9,1868.7,1696.3,172.4,2.7,123.2,9.225664900733129,93.81495054972639,Normal,Normal
Hombres,40-44,2018,2001.7,1888.2,1706.5,181.7,2.3,113.4,9.622921300709669,94.3298196532947,Normal,Normal
Hombres,40-44,2017,1997.1,1878.9,1668.8,210.1,2.1,118.2,11.182074618127627,94.08141805618148,Normal,Normal
Hombres,40-44,2016,1988.1,1877.3,1610,267.4,2.3,110.7,14.24386086400682,94.42683969619235,Normal,Normal
Hombres,40-44,2015,1975.1,1867.2,1574,293.2,1.6,108,15.702656383890314,94.53698546909018,Normal,Normal
Hombres,40-44,2014,1960.7,1843.4,1490.1,353.3,2.6,117.3,19.165672127590323,94.01744275003824,Normal,Normal
Hombres,40-44,2013,1954,1828.9,1437.2,391.7,2.2,125.1,21.417245338728197,93.59774820880246,Normal,Normal
Hombres,40-44,2012,1955.7,1831.6,1452.5,379.2,2.8,124,20.703210307927495,93.65444597842205,Normal,Normal
Hombres,40-44,2011,1943.5,1827.2,1499.8,327.4,1.7,116.3,17.918126094570926,94.01595060457937,Normal,Normal
Hombres,40-44,2010,1922.4,1810.8,1508.8,302,2.5,111.6,16.677711508725427,94.19475655430712,Normal,Normal
Hombres,40-44,2009,1905.3,1779.2,1518.6,260.6,1.8,126.1,14.647032374100721,93.38161969243689,Normal,Normal
Hombres,40-44,2008,1879.8,1758.6,1621,137.6,1.2,121.2,7.824405777322871,93.5525055857006,Normal,Normal
Hombres,40-44,2007,1825.7,1707.2,1626.4,80.8,0.9,118.5,4.732895970009372,93.50933888371583,Normal,Normal
Hombres,40-44,2006,1762.7,1642.9,1564.9,78,0.6,119.8,4.747702233854769,93.20360810120837,Normal,Normal
Hombres,45-49,2024,2049.1,1885.1,1747.6,137.4,1.5,164.1,7.2887379979841915,91.99648626226148,Normal,Normal
Hombres,45-49,2023,2046.8,1885.7,1747.9,137.7,1.5,161.1,7.302328047939756,92.12917725229627,Normal,Normal
Hombres,45-49,2022,2022.6,1876.9,1731.6,145.3,2.3,145.7,7.741488624860142,92.79640067240187,Normal,Normal
Hombres,45-49,2021,1998.2,1845.3,1681.9,163.4,2.1,152.9,8.854928737874602,92.34811330197176,Normal,Normal
Hombres,45-49,2020,1958.2,1786.8,1603.8,183,2.5,171.4,10.241773002014776,91.24706362986416,Normal,Normal
Hombres,45-49,2019,1930.7,1784.2,1615,169.2,1.9,146.5,9.483241789037104,92.41207852074376,Normal,Normal
Hombres,45-49,2018,1902.5,1754.2,1565.5,188.7,2.1,148.3,10.757040246266103,92.20499342969777,Normal,Normal
Hombres,45-49,2017,1882.4,1726.7,1504.9,221.8,1,155.7,12.845311866566284,91.7286442838929,Normal,Normal
Hombres,45-49,2016,1868.4,1722.4,1468.5,253.9,0.4,146,14.741058987459358,92.18582744594306,Normal,Normal
Hombres,45-49,2015,1855,1710.4,1410,300.4,2.3,144.6,17.56314312441534,92.20485175202157,Normal,Normal
Hombres,45-49,2014,1848.6,1704.6,1353.9,350.7,3.5,144,20.573741640267514,92.21032132424537,Normal,Normal
Hombres,45-49,2013,1842.8,1693.2,1317.6,375.6,1.9,149.6,22.18284904323175,91.8819188191882,Normal,Normal
Hombres,45-49,2012,1824.4,1682.9,1338.7,344.2,2.3,141.4,20.452789827084196,92.24402543301908,Normal,Normal
Hombres,45-49,2011,1792.1,1645.4,1370.4,274.9,1.3,146.8,16.707183663546857,91.814072875397585,Normal,Normal
Hombres,45-49,2010,1757,1614.5,1378.3,236.2,0.6,142.5,14.629916382781047,91.88958451906659,Normal,Normal
Hombres,45-49,2009,1718,1582.9,1372.9,210,0.6,135.1,13.266788805357255,92.13620488940629,Normal,Normal
Hombres,45-49,2008,1673.9,1542.5,1422.7,119.7,1.5,131.4,7.760129659643436,92.15006870183403,Normal,Normal
Hombres,45-49,2007,1627.1,1496.7,1427.3,69.4,1.8,130.4,4.636867775773369,91.98574150328807,Normal,Normal
Hombres,45-49,2006,1573.8,1457.4,1398.6,58.8,0.5,116.3,4.034582132564841,92.60388867708731,Normal,Normal
Hombres,50-54,2024,1942.6,1748.3,1614,134.4,0.9,194.3,7.687467825888006,89.99794090394317,Normal,Normal
Hombres,50-54,2023,1907.5,1709,1570.7,138.3,1.4,198.5,8.092451726155648,89.59370904325033,Normal,Normal
Hombres,50-54,2022,1877.3,1687.8,1518.3,169.5,1.7,189.5,10.042659082829719,89.90571565546264,Normal,Normal
Hombres,50-54,2021,1851.5,1658.7,1491.8,166.9,0.1,192.7,10.062096822813047,89.58682149608426,Normal,Normal
Hombres,50-54,2020,1828.9,1624.9,1452.1,172.8,0.9,204,10.634500584651363,88.84575427852808,Normal,Normal
Hombres,50-54,2019,1813.2,1620.7,1451.6,169.1,1.5,192.5,10.433763188745603,89.38341054489301,Normal,Normal
Hombres,50-54,2018,1792.8,1598.2,1408.8,189.5,0.7,194.6,11.85708922537855,89.1454707719768,Normal,Normal
Hombres,50-54,2017,1762.4,1577.7,1366.4,211.3,1.8,184.7,13.392913735184129,89.51997276441216,Normal,Normal
Hombres,50-54,2016,1729.5,1546,1303.8,242.2,0.7,183.5,15.666235446313065,89.38999710899104,Normal,Normal
Hombres,50-54,2015,1700,1519.5,1245.4,274,1.5,180.5,18.03224744981902,89.38235294117646,Normal,Normal
Hombres,50-54,2014,1669.7,1480.9,1186.8,294.1,0.6,188.8,19.859544871362008,88.69257950530036,Normal,Normal
Hombres,50-54,2013,1638.3,1454.4,1151.7,302.7,0.7,183.9,20.81270627062706,88.77494964292255,Normal,Normal
Hombres,50-54,2012,1615.3,1430,1150.7,279.3,0.5,185.3,19.531468531468533,88.52844672816195,Normal,Normal
Hombres,50-54,2011,1583.1,1401.7,1177.3,224.5,1.1,181.3,16.016265962759505,88.54146926915546,Normal,Normal
Hombres,50-54,2010,1536.4,1354.2,1157.9,196.2,0.5,182.2,14.48825875055383,88.14110908617548,Normal,Normal
Hombres,50-54,2009,1482,1304.8,1151.8,152.9,0.7,177.2,11.71827099938688,88.04318488529015,Normal,Normal
Hombres,50-54,2008,1427.2,1258.1,1172.2,85.8,0.1,169.1,6.8198076464509985,88.15162556053811,Normal,Normal
Hombres,50-54,2007,1375.2,1216.5,1158.4,58.1,0.6,158.7,4.7759967118783395,88.45986038394416,Normal,Normal
Hombres,50-54,2006,1325.8,1162.7,1115.7,46.9,0.6,163.1,4.0337146297411195,87.69799366420276,Normal,Normal
Hombres,55-59,2024,1792,1526.4,1395.3,131.1,0.4,265.7,8.588836477987421,85.17857142857143,Normal,Normal
Hombres,55-59,2023,1768.7,1485.9,1346.5,139.4,0.8,282.7,9.381519617740091,84.01085543054221,Normal,Normal
Hombres,55-59,2022,1733.2,1438.9,1295.8,143.2,0.8,294.2,9.952046702342066,83.01984768059081,Normal,Normal
Hombres,55-59,2021,1694,1395.5,1238.1,157.3,1.1,298.5,11.27194553923325,82.37898465171193,Normal,Normal
Hombres,55-59,2020,1664.8,1357.7,1208.2,149.5,0.3,307.1,11.011269057965677,81.55333974050937,Normal,Normal
Hombres,55-59,2019,1627.3,1342.9,1186,156.9,0.9,284.4,11.683669670116911,82.52319793523014,Normal,Normal
Hombres,55-59,2018,1585.7,1304.9,1138.8,166,0.8,280.8,12.721281324239406,82.29173235794917,Normal,Normal
Hombres,55-59,2017,1555.3,1270.9,1080.6,190.4,0.5,284.3,14.981509166732238,81.7141387513663,Normal,Normal
Hombres,55-59,2016,1523.4,1236.1,1021.8,214.3,0.3,287.2,17.33678504975326,81.14086910857293,Normal,Normal
Hombres,55-59,2015,1479.7,1186.9,953.3,233.5,0.8,292.9,19.673097986350996,80.21220517672502,Normal,Normal
Hombres,55-59,2014,1434.1,1135.1,885.5,249.6,0.3,299,21.989252048277685,79.15068684192175,Normal,Normal
Hombres,55-59,2013,1387.7,1102.8,870.5,232.3,0.3,284.9,21.0645629307218,79.46962599985588,Normal,Normal
Hombres,55-59,2012,1350.4,1074.5,871.2,203.3,1,275.8,18.92042810609586,79.56901658767772,Normal,Normal
Hombres,55-59,2011,1315.8,1035.7,871.1,164.6,0.5,280.1,15.892633001834508,78.71257029943762,Normal,Normal
Hombres,55-59,2010,1279.9,1016,863.2,152.8,0.6,263.9,15.039370078740157,79.3812016563794,Normal,Normal
Hombres,55-59,2009,1257.3,981.3,867.2,114.2,0.3,276,11.6376235605829,78.04819852063946,Normal,Normal
Hombres,55-59,2008,1249.5,977.8,912.8,65,0.1,271.8,6.647576191450194,78.25530212084834,Normal,Normal
Hombres,55-59,2007,1233.1,940.5,892.9,47.6,0,292.6,5.061137692716641,76.27118644067798,Normal,Normal
Hombres,55-59,2006,1207.3,918.2,871.2,47,0,289.1,5.11871052058375,76.05400480410835,Normal,Normal
Hombres,60-64,2024,1580.2,997.2,897.9,99.3,0.4,583,9.957882069795426,63.10593595747373,Normal,Normal
Hombres,60-64,2023,1540.7,945.7,846.9,98.8,0.7,595,10.447287723379507,61.381190368014536,Normal,Normal
Hombres,60-64,2022,1505,898.2,799.2,99,0.1,606.8,11.022044088176353,59.6810631229236,Normal,Normal
Hombres,60-64,2021,1468.1,850.7,744.6,106.1,1.2,617.4,12.472081814975901,57.94564402969825,Normal,Normal
Hombres,60-64,2020,1431,797.5,700,97.5,0.5,633.5,12.225705329153605,55.73025856044724,Normal,Normal
Hombres,60-64,2019,1380.9,737.6,651.9,85.7,0.4,643.3,11.618763557483732,53.41443985806358,Normal,Normal
Hombres,60-64,2018,1331.6,691.9,604.1,87.7,0.5,639.7,12.675242087006794,51.96004806248122,Normal,Normal
Hombres,60-64,2017,1291.4,660.6,564.3,96.3,0,630.8,14.577656675749317,51.153786588198855,Normal,Normal
Hombres,60-64,2016,1257.3,626.5,526.9,99.6,0.2,630.7,15.897845171588187,49.82899864789629,Normal,Normal
Hombres,60-64,2015,1224.7,604.8,506.7,98.1,0,620,16.220238095238095,49.383522495304966,Normal,Normal
Hombres,60-64,2014,1207.2,562.6,465.8,96.8,0.4,644.6,17.205830074653395,46.603711066931744,Normal,Normal
Hombres,60-64,2013,1205,539.4,438.8,100.6,0.2,665.6,18.650352243233222,44.76348547717842,Normal,Normal
Hombres,60-64,2012,1198.6,546.9,456.8,90.1,0.1,651.7,16.4746754434083,45.62823293842817,Normal,Normal
Hombres,60-64,2011,1180.8,550.6,471.3,79.3,0,630.2,14.402470032691609,46.62940379403794,Normal,Normal
Hombres,60-64,2010,1174.3,546.5,474.1,72.4,0.1,627.8,13.247941445562672,46.538363280252064,Normal,Normal
Hombres,60-64,2009,1165.8,560,499.2,60.7,0,605.8,10.839285714285715,48.03568365071196,Normal,Normal
Hombres,60-64,2008,1140.2,568.1,533.4,34.8,0,572.1,6.125682098222144,49.82459217681108,Normal,Normal
Hombres,60-64,2007,1101.7,525.2,499.4,25.8,0,576.5,4.912414318354912,47.67177997640012,Normal,Normal
Hombres,60-64,2006,1057.3,515,491,24,0,542.3,4.660194174757281,48.708975692802426,Normal,Normal
Hombres,65-69,2024,1312,167.5,158.7,8.8,0.1,1144.5,5.253731343283582,12.766768292682926,Normal,Normal
Hombres,65-69,2023,1290.7,151,142.3,8.7,0.1,1139.7,5.76158940397351,11.699078019679243,Normal,Normal
Hombres,65-69,2022,1243.2,142,133.7,8.2,0,1101.3,5.774647887323943,11.422136422136422,Normal,Normal
Hombres,65-69,2021,1199.4,133.5,125.4,8.1,0,1065.9,6.067415730337078,11.130565282641319,Normal,Normal
Hombres,65-69,2020,1178.7,113.3,107.4,5.9,0,1065.4,5.207413945278024,9.612284720454738,Normal,Normal
Hombres,65-69,2019,1144.3,92.3,86.6,5.7,0,1052,6.175514626218852,8.066066590928953,Normal,Normal
Hombres,65-69,2018,1116.5,86.2,80.8,5.4,0,1030.3,6.2645011600928076,7.720555306762203,Normal,Normal
Hombres,65-69,2017,1111.2,83.1,79,4.1,0,1028.1,4.9338146811070995,7.478401727861771,Normal,Normal
Hombres,65-69,2016,1093.7,70.8,68.6,2.2,0,1022.8,3.107344632768362,6.473438785773062,Normal,Normal
Hombres,65-69,2015,1090.4,65.9,62.8,3.2,0,1024.5,4.855842185128983,6.043653705062362,Normal,Normal
Hombres,65-69,2014,1115.5,62.6,59.5,3.1,0,1052.9,4.952076677316294,5.611833258628418,Normal,Normal
Hombres,65-69,2013,1073.7,65.1,59.7,5.3,0,1008.6,8.141321044546851,6.063146130203966,Normal,Normal
Hombres,65-69,2012,1043,68.7,65.2,3.6,0,974.2,5.240174672489083,6.586768935762224,Normal,Normal
Hombres,65-69,2011,1014.9,60.8,60,0.8,0,954.1,1.3157894736842106,5.990738003744211,Normal,Normal
Hombres,65-69,2010,981.3,63.8,61.1,2.7,0,917.5,4.231974921630095,6.501579537348415,Normal,Normal
Hombres,65-69,2009,942.5,67.9,65.1,2.8,0,874.6,4.123711340206185,7.20424403183024,Normal,Normal
Hombres,65-69,2008,865.6,73.4,72.1,1.4,0,792.2,1.9073569482288826,8.479667282809613,Normal,Normal
Hombres,65-69,2007,842.3,66.5,65.6,0.9,0,775.8,1.3533834586466165,7.895049269856347,Normal,Normal
Hombres,65-69,2006,876.7,68.6,67.1,1.5,0,808.1,2.186588921282799,7.8247975362153515,Normal,Normal
Hombres,70+,2024,3005.7,40.2,39,1.1,0,2965.5,2.736318407960199,1.33745882822637,Normal,Normal
Hombres,70+,2023,2919.1,41.9,40.6,1.3,0,2877.2,3.1026252983293556,1.4353739166181358,Normal,Normal
Hombres,70+,2022,2868.7,42.4,40.9,1.6,0,2826.3,3.773584905660378,1.4780214034231534,Normal,Normal
Hombres,70+,2021,2824.8,40.3,39.4,0.8,0,2784.5,1.9851116625310177,1.4266496743132255,Normal,Normal
Hombres,70+,2020,2769.1,34.3,33.8,0.4,0,2734.8,1.1661807580174928,1.2386696038424037,Normal,Normal
Hombres,70+,2019,2742.2,36.6,36.2,0.4,0,2705.6,1.092896174863388,1.3346947706221284,Normal,Normal
Hombres,70+,2018,2700.8,31.6,31.6,0,0,2669.3,0,1.1700236966824644,Normal,Normal
Hombres,70+,2017,2655.6,25.6,25.4,0.2,0,2630,0.78125,0.9640006025003766,Normal,Normal
Hombres,70+,2016,2604.9,22.9,22,0.9,0,2582,3.9301310043668125,0.8791124419363506,Normal,Normal
Hombres,70+,2015,2535.4,22,21.6,0.4,0,2513.4,1.8181818181818183,0.8677131813520549,Normal,Normal
Hombres,70+,2014,2451,20,19.5,0.5,0,2431,2.5,0.8159934720522236,Normal,Normal
Hombres,70+,2013,2413.6,19.2,19.2,0.1,0,2394.3,0.5208333333333334,0.7954922108054359,Normal,Normal
Hombres,70+,2012,2370.3,22.8,22.7,0,0,2347.5,0,0.9619035565118339,Normal,Normal
Hombres,70+,2011,2338.4,25,24.4,0.6,0,2313.5,2.4,1.0691070817653094,Normal,Normal
Hombres,70+,2010,2302.4,25.4,25,0.4,0,2277,1.5748031496062995,1.103196664350243,Normal,Normal
Hombres,70+,2009,2268.2,24.7,24.7,0,0,2243.6,0,1.0889692266995856,Normal,Normal
Hombres,70+,2008,2278.7,25,25,0,0,2253.6,0,1.0971167771097556,Normal,Normal
Hombres,70+,2007,2246.6,34,33.8,0.2,0,2212.6,0.5882352941176471,1.513398023680228,Normal,Normal
Hombres,70+,2006,2173.8,34.4,34.2,0.1,0,2139.4,0.29069767441860467,1.582482289079032,Normal,Normal
Mujeres,16-19,2024,1025.4,137.3,76.4,60.9,38,888.2,44.35542607428987,13.38989662570704,Normal,AtipicoSuperior
Mujeres,16-19,2023,985.7,127,72.6,54.4,35.8,858.6,42.83464566929134,12.884244699198538,Normal,AtipicoSuperior
Mujeres,16-19,2022,965.4,126.7,70.3,56.3,39.8,838.7,44.43567482241515,13.124093639941995,Normal,AtipicoSuperior
Mujeres,16-19,2021,936.2,113.3,54,59.3,40.8,822.9,52.338923212709624,12.102114932706685,Normal,AtipicoSuperior
Mujeres,16-19,2020,928,90.5,35.3,55.2,33.6,837.6,60.99447513812155,9.752155172413794,Normal,AtipicoSuperior
Mujeres,16-19,2019,907.3,117.1,60.3,56.7,38.6,790.2,48.4201537147737,12.906425658547338,Normal,AtipicoSuperior
Mujeres,16-19,2018,883,115.4,58,57.4,36.8,767.6,49.740034662045055,13.069082672706683,Normal,AtipicoSuperior
Mujeres,16-19,2017,862.7,107.1,48.1,59,42.3,755.6,55.08870214752568,12.414512576793786,Normal,AtipicoSuperior
Mujeres,16-19,2016,847.6,101.8,39,62.7,44,745.8,61.59135559921415,12.010382255781028,Normal,AtipicoSuperior
Mujeres,16-19,2015,836.1,109,31.9,77.1,58.1,727,70.73394495412843,13.03671809592154,Normal,AtipicoSuperior
Mujeres,16-19,2014,830.9,110.4,30.7,79.7,60.7,720.5,72.19202898550725,13.286797448549766,Normal,AtipicoSuperior
Mujeres,16-19,2013,836.1,121.3,28.8,92.5,69.7,714.9,76.25721352019785,14.507833991149383,Normal,AtipicoSuperior
Mujeres,16-19,2012,851.5,134.5,36,98.5,66.6,717,73.23420074349443,15.795654726952439,Normal,AtipicoSuperior
Mujeres,16-19,2011,866.7,148,54,94,60.8,718.7,63.51351351351351,17.076266297450097,Normal,AtipicoSuperior
Mujeres,16-19,2010,881.9,161.5,59.9,101.5,59.7,720.4,62.848297213622295,18.312733870053293,Normal,AtipicoSuperior
Mujeres,16-19,2009,897.3,182,80.2,101.8,51.9,715.3,55.934065934065934,20.28307143653182,Normal,AtipicoSuperior
Mujeres,16-19,2008,905,227.4,126.4,101,49.4,677.6,44.415127528583994,25.12707182320442,Normal,AtipicoSuperior
Mujeres,16-19,2007,906,222.3,142.5,79.9,38.3,683.7,35.94242015294647,24.536423841059605,Normal,Normal
Mujeres,16-19,2006,905.4,224.3,142.1,82.3,41.7,681.1,36.69193045028979,24.77358073779545,Normal,Normal
Mujeres,20-24,2024,1274.8,660.1,504.8,155.3,45.2,614.7,23.526738372973792,51.78067147787888,Normal,Normal
Mujeres,20-24,2023,1233.5,643.5,478.4,165.1,48.2,590,25.656565656565654,52.16862586137009,Normal,Normal
Mujeres,20-24,2022,1185.2,606.5,436.4,170.1,60.4,578.7,28.04616652926628,51.172797840026995,Normal,Normal
Mujeres,20-24,2021,1154.6,582.1,389.9,192.2,58.2,572.5,33.01838172135372,50.4157283907847,Normal,Normal
Mujeres,20-24,2020,1153.9,549.2,350.3,198.9,54.7,604.7,36.2163146394756,47.59511222809602,Normal,Normal
Mujeres,20-24,2019,1127.9,580.8,397,183.8,60.5,547.1,31.646005509641878,51.49392676655731,Normal,Normal
Mujeres,20-24,2018,1108.3,572,400.8,171.2,63.1,536.3,29.93006993006993,51.610574754127946,Normal,Normal
Mujeres,20-24,2017,1101.1,584.6,384.8,199.8,77.6,516.4,34.177215189873415,53.09236218327128,Normal,Normal
Mujeres,20-24,2016,1107,579.4,336.3,243.1,96.7,527.6,41.95719710044874,52.33965672990063,Normal,AtipicoSuperior
Mujeres,20-24,2015,1125.9,613.7,344.1,269.6,103,512.3,43.93025908424312,54.50750510702549,Normal,AtipicoSuperior
Mujeres,20-24,2014,1148.7,634.3,319.8,314.5,116.6,514.3,49.58221661674287,55.218943153129615,Normal,AtipicoSuperior
Mujeres,20-24,2013,1180,676.6,333.3,343.3,113.3,503.3,50.73898906296187,57.33898305084746,Normal,AtipicoSuperior
Mujeres,20-24,2012,1213.2,719,378.4,340.6,98.5,494.2,47.37134909596662,59.26475436861194,Normal,AtipicoSuperior
Mujeres,20-24,2011,1243.7,763.3,456.4,306.8,77.5,480.5,40.193894929909604,61.37332154056444,Normal,AtipicoSuperior
Mujeres,20-24,2010,1279.4,791.1,515.4,275.8,53.9,488.3,34.86284919732019,61.83367203376583,Normal,Normal
Mujeres,20-24,2009,1321.2,833.7,568.7,265,51.3,487.5,31.786014153772342,63.101725703905544,Normal,Normal
Mujeres,20-24,2008,1358.4,861.1,684.3,176.8,35,497.2,20.531877830681687,63.39075382803298,Normal,Normal
Mujeres,20-24,2007,1380.3,863.6,707.6,155.9,35.4,516.7,18.052339045854563,62.56610881692386,Normal,Normal
Mujeres,20-24,2006,1397.4,883.2,727.3,155.9,35.2,514.2,17.651721014492754,63.203091455560326,Normal,Normal
Mujeres,25-29,2024,1293.3,1060.8,896.3,164.4,23.1,232.6,15.497737556561086,82.02273254465321,Normal,Normal
Mujeres,25-29,2023,1271.5,1046.2,875.4,170.8,23.8,225.3,16.325750334544065,82.28077074321668,Normal,Normal
Mujeres,25-29,2022,1244.5,1011.1,833.6,177.5,31.4,233.4,17.555137968549104,81.24548011249499,Normal,Normal
Mujeres,25-29,2021,1235.2,1028,804.5,223.5,32.1,207.2,21.74124513618677,83.22538860103627,Normal,Normal
Mujeres,25-29,2020,1249.4,1008.5,769.5,238.9,27.4,240.9,23.688646504709965,80.71874499759885,Normal,Normal
Mujeres,25-29,2019,1249.3,1007.2,814.8,192.4,30.8,242.1,19.10246227164416,80.62114784279197,Normal,Normal
Mujeres,25-29,2018,1243.9,1016.4,799.3,217.2,35.8,227.5,21.369539551357732,81.71074845244793,Normal,Normal
Mujeres,25-29,2017,1241.6,1031.2,783.3,247.9,40.4,210.4,24.039953452288596,83.05412371134021,Normal,Normal
Mujeres,25-29,2016,1259.6,1044.3,767.6,276.7,46.7,215.3,26.496217562003256,82.90727214988885,Normal,Normal
Mujeres,25-29,2015,1297.7,1073.9,772.1,301.8,48.6,223.8,28.103175342210633,82.754103413732,Normal,Normal
Mujeres,25-29,2014,1340,1130.1,790.8,339.3,44,209.9,30.0238916910008,84.33582089552239,Normal,Normal
Mujeres,25-29,2013,1402.4,1186.6,807,379.6,42.3,215.8,31.990561267486946,84.61209355390757,Normal,Normal
Mujeres,25-29,2012,1477.3,1246,880.1,366,42.7,231.3,29.373996789727126,84.34305828200095,Normal,Normal
Mujeres,25-29,2011,1548.4,1301.9,972.3,329.7,33.5,246.5,25.324525693217602,84.08034099715836,Normal,Normal
Mujeres,25-29,2010,1620.1,1377.7,1056.2,321.5,29.5,242.4,23.335994773898523,85.03796061971484,Normal,Normal
Mujeres,25-29,2009,1694.3,1421.2,1138.8,282.4,22.4,273.1,19.87053194483535,83.8812488933483,Normal,Normal
Mujeres,25-29,2008,1754.8,1463.5,1268.8,194.7,20.3,291.2,13.303723949436282,83.39981764303624,Normal,Normal
Mujeres,25-29,2007,1787.9,1461.4,1304.9,156.5,16.8,326.5,10.70890926508827,81.73835225683763,Normal,Normal
Mujeres,25-29,2006,1801.1,1469.2,1284.6,184.6,22.3,331.9,12.564661040021779,81.57237243906502,Normal,Normal
Mujeres,30-34,2024,1402.4,1181,1041.9,139.1,12.2,221.3,11.778154106689245,84.21277809469481,Normal,Normal
Mujeres,30-34,2023,1392.7,1196.2,1032.6,163.6,14.3,196.5,13.676642701889316,85.89071587563724,Normal,Normal
Mujeres,30-34,2022,1372,1165.2,1004.2,161,13.7,206.9,13.81737040851356,84.92711370262391,Normal,Normal
Mujeres,30-34,2021,1367.3,1154,967.1,186.9,14.3,213.4,16.19584055459272,84.39991223579317,Normal,Normal
Mujeres,30-34,2020,1378.8,1139.8,927,212.8,13.2,239,18.669942095104407,82.66608645198723,Normal,Normal
Mujeres,30-34,2019,1395.1,1180.1,987.2,192.8,13,215,16.337598508600966,84.58891835710702,Normal,Normal
Mujeres,30-34,2018,1415.7,1191.2,986,205.1,14.1,224.6,17.217931497649428,84.14212050575686,Normal,Normal
Mujeres,30-34,2017,1452.3,1222.8,1002.1,220.7,16,229.5,18.04874059535492,84.19747985953315,Normal,Normal
Mujeres,30-34,2016,1511.3,1290.6,1020.1,270.5,21.4,220.7,20.959243762591047,85.39667835638191,Normal,Normal
Mujeres,30-34,2015,1589.5,1382.3,1061.7,320.6,23.4,207.2,23.193228676842946,86.96445423089021,Normal,Normal
Mujeres,30-34,2014,1666.9,1457.5,1093.6,363.9,20.2,209.4,24.96740994854202,87.43775871378007,Normal,Normal
Mujeres,30-34,2013,1759.6,1533.3,1131.7,401.6,19.6,226.3,26.191873736385574,87.13912252784723,Normal,Normal
Mujeres,30-34,2012,1846.9,1588.2,1207.3,380.9,16.9,258.7,23.983125550938166,85.99274459905789,Normal,Normal
Mujeres,30-34,2011,1912.1,1637.6,1287.4,350.2,14,274.5,21.38495359062042,85.64405627320747,Normal,Normal
Mujeres,30-34,2010,1957.8,1652.5,1335.3,317.2,15.1,305.3,19.195158850226928,84.40596588006947,Normal,Normal
Mujeres,30-34,2009,1982.5,1647.9,1365.8,282.1,14.6,334.5,17.11875720614115,83.12232030264818,Normal,Normal
Mujeres,30-34,2008,1977.6,1619.3,1426.4,192.9,8.8,358.3,11.91255480763293,81.88207928802589,Normal,Normal
Mujeres,30-34,2007,1940.7,1548.5,1400.3,148.2,9.1,392.2,9.570552147239262,79.79079713505436,Normal,Normal
Mujeres,30-34,2006,1886.6,1481.9,1327.1,154.9,9.9,404.7,10.452797084823537,78.54871196862081,Normal,Normal
Mujeres,35-39,2024,1523.9,1279.7,1142.6,137.1,6.9,244.2,10.713448464483863,83.97532646499114,Normal,Normal
Mujeres,35-39,2023,1537.6,1312,1143,169,11.8,225.5,12.88109756097561,85.32778355879293,Normal,Normal
Mujeres,35-39,2022,1550.5,1311.2,1128.8,182.3,12.5,239.4,13.903294691885296,84.56626894550145,Normal,Normal
Mujeres,35-39,2021,1586.6,1340.3,1134.8,205.6,11.9,246.3,15.339849287472953,84.47623849741586,Normal,Normal
Mujeres,35-39,2020,1636.2,1353.6,1127.8,225.8,12.7,282.6,16.681442080378254,82.72827282728272,Normal,Normal
Mujeres,35-39,2019,1691.1,1435.6,1242.4,193.2,9.8,255.5,13.457787684591807,84.89149074566849,Normal,Normal
Mujeres,35-39,2018,1746.1,1474.9,1256.7,218.1,12,271.2,14.787443216489251,84.46824351411718,Normal,Normal
Mujeres,35-39,2017,1805,1545,1284.9,260.1,10.9,260,16.83495145631068,85.59556786703601,Normal,Normal
Mujeres,35-39,2016,1862.5,1613.9,1307.7,306.2,12.8,248.6,18.972674886919883,86.6523489932886,Normal,Normal
Mujeres,35-39,2015,1914,1649.1,1308.4,340.7,13.3,264.9,20.659753805105815,86.15987460815046,Normal,Normal
Mujeres,35-39,2014,1948.5,1675.2,1296.4,378.8,15.2,273.3,22.61222540592168,85.9738260200154,Normal,Normal
Mujeres,35-39,2013,1971.7,1685.9,1275.8,410.1,13.9,285.7,24.32528619728335,85.50489425368971,Normal,Normal
Mujeres,35-39,2012,1979.1,1684.4,1301.9,382.5,13.3,294.6,22.708382806934218,85.10939315850639,Normal,Normal
Mujeres,35-39,2011,1967.3,1640.2,1313.1,327.2,14.7,327.1,19.948786733325203,83.37315101916333,Normal,Normal
Mujeres,35-39,2010,1941.8,1588.2,1272.9,315.3,11.7,353.6,19.852663392519833,81.79009166752498,Normal,Normal
Mujeres,35-39,2009,1912,1529.4,1275.2,254.3,6.6,382.6,16.627435595658426,79.98953974895397,Normal,Normal
Mujeres,35-39,2008,1881.3,1449.2,1283.9,165.4,7.2,432,11.413193486061274,77.03183968532397,Normal,Normal
Mujeres,35-39,2007,1843,1376.8,1247.1,129.8,5.8,466.2,9.42765833817548,74.70428648941943,Normal,Normal
Mujeres,35-39,2006,1800,1330.6,1198.3,132.4,7.1,469.4,9.950398316548927,73.92222222222222,Normal,Normal
Mujeres,40-44,2024,1788,1524.1,1356.7,167.4,8.3,263.9,10.983531264352733,85.24049217002236,Normal,Normal
Mujeres,40-44,2023,1835.5,1563,1386.1,176.9,8.9,272.6,11.317978246960973,85.15390901661672,Normal,Normal
Mujeres,40-44,2022,1872.2,1589.1,1387,202,7,283.1,12.711597759738217,84.87875227005661,Normal,Normal
Mujeres,40-44,2021,1909,1630.4,1408.4,221.9,9.5,278.7,13.610157016683022,85.40597171293871,Normal,Normal
Mujeres,40-44,2020,1945.2,1625.7,1388.3,237.4,5.9,319.5,14.602940271882881,83.574953732264035,Normal,Normal
Mujeres,40-44,2019,1962.1,1667.4,1434.4,233,7.6,294.8,13.97385150533765,84.98037816625046,Normal,Normal
Mujeres,40-44,2018,1958.6,1665.8,1420.6,245.1,7.4,292.8,14.713651098571257,85.05054630858777,Normal,Normal
Mujeres,40-44,2017,1943.8,1654.4,1371.1,283.3,8.7,289.4,17.124032882011605,85.11163699969133,Normal,Normal
Mujeres,40-44,2016,1929.8,1634,1328.7,305.4,8.5,295.7,18.69033047735618,84.67198673437663,Normal,Normal
Mujeres,40-44,2015,1912.2,1588.2,1250.3,337.8,12.5,324,21.269361541367587,83.05616567304675,Normal,Normal
Mujeres,40-44,2014,1894.7,1568.3,1201.9,366.4,11.3,326.3,23.36287700057387,82.77299836385707,Normal,Normal
Mujeres,40-44,2013,1884,1552.4,1181.7,370.7,12.5,331.6,23.87915485699562,82.3991507430998,Normal,Normal
Mujeres,40-44,2012,1881.1,1529.7,1173,356.8,16.4,351.4,23.324834934954566,81.31944075275106,Normal,Normal
Mujeres,40-44,2011,1868.4,1483.1,1184.3,298.8,10.8,385.3,20.146989414065136,79.37807749946477,Normal,Normal
Mujeres,40-44,2010,1850.9,1437.8,1184.2,253.6,6.6,413.1,17.63805814438726,77.6811280998433,Normal,Normal
Mujeres,40-44,2009,1840.4,1423.6,1198.2,225.4,7.5,416.8,15.833099185164373,77.35274940230383,Normal,Normal
Mujeres,40-44,2008,1818.6,1356.7,1192.2,164.5,7.8,461.8,12.125009213532836,74.60134169141098,Normal,Normal
Mujeres,40-44,2007,1776.4,1294.7,1173.9,120.8,6.5,481.7,9.330346798486135,72.88335960369287,Normal,Normal
Mujeres,40-44,2006,1725.6,1219.7,1100.9,118.8,6.1,506,9.740100024596211,70.68266110338433,Normal,Normal
Mujeres,45-49,2024,2022.8,1724.3,1543.8,180.4,5.1,298.5,10.462216551644147,85.24322720980818,Normal,Normal
Mujeres,45-49,2023,2015.6,1698.3,1497.8,200.5,5.4,317.3,11.805923570629453,84.25778924389759,Normal,Normal
Mujeres,45-49,2022,1985.6,1655.6,1447.6,207.9,4.9,330,12.557381009905773,83.38033843674457,Normal,Normal
Mujeres,45-49,2021,1955,1612.4,1375.6,236.7,5.7,342.6,14.679980153807987,82.4757033248082,Normal,Normal
Mujeres,45-49,2020,1932.3,1558.2,1327.8,230.5,6.4,374.1,14.792709536644846,80.63965222791492,Normal,Normal
Mujeres,45-49,2019,1901.2,1549.5,1333.8,215.7,7.4,351.7,13.920619554695064,81.5011571638965,Normal,Normal
Mujeres,45-49,2018,1870.9,1514.2,1282.1,232.1,6.1,356.7,15.328226126007133,80.93430969052328,Normal,Normal
Mujeres,45-49,2017,1852,1488.5,1226.1,262.4,7,363.5,17.628485052065837,80.37257019438445,Normal,Normal
Mujeres,45-49,2016,1839.7,1484.2,1193.7,290.4,11.3,355.6,19.56609621344832,80.6761972060662,Normal,Normal
Mujeres,45-49,2015,1828.3,1460.7,1127.8,332.9,11.7,367.6,22.79044293831724,79.893890499371,Normal,Normal
Mujeres,45-49,2014,1824.2,1438.7,1106.2,332.5,12.4,385.5,23.11114200319733,78.86744874465519,Normal,Normal
Mujeres,45-49,2013,1820,1437,1094.6,342.4,12.9,383,23.82741823242867,78.95604395604396,Normal,Normal
Mujeres,45-49,2012,1801.3,1411.5,1098.7,312.7,10.7,389.9,22.153737159050653,78.3600732804086,Normal,Normal
Mujeres,45-49,2011,1769.8,1348.5,1090.6,257.9,8.5,421.3,19.124953652206152,76.19505028816815,Normal,Normal
Mujeres,45-49,2010,1738,1306.1,1080.3,225.8,9.8,431.9,17.28810963938443,75.14959723820482,Normal,Normal
Mujeres,45-49,2009,1702.6,1243.9,1060.3,183.6,9,458.7,14.760028941233216,73.05885116880066,Normal,Normal
Mujeres,45-49,2008,1661.8,1168.7,1057.6,111.1,4.2,493.1,9.506289039103276,70.32735587916717,Normal,Normal
Mujeres,45-49,2007,1622.2,1103.4,1009.4,94,4.6,518.9,8.519122711618634,68.01873998273949,Normal,Normal
Mujeres,45-49,2006,1574.7,1033.2,947.4,85.8,3.6,541.4,8.304297328687573,65.61249761859402,Normal,Normal
Mujeres,50-54,2024,1942.1,1583.1,1409.4,173.7,4.9,359,10.972143263217738,81.51485505380774,Normal,Normal
Mujeres,50-54,2023,1907.9,1519.4,1334.1,185.3,8.7,388.5,12.195603527708306,79.63729755228262,Normal,Normal
Mujeres,50-54,2022,1878.3,1472.4,1258.8,213.6,6,405.9,14.50692746536267,78.3900335409679,Normal,Normal
Mujeres,50-54,2021,1855.2,1427.5,1214.9,212.6,5,427.7,14.893169877408056,76.9458818456231,Normal,Normal
Mujeres,50-54,2020,1841.5,1382.9,1186.3,196.6,4.1,458.6,14.21650155470388,75.09638881346729,Normal,Normal
Mujeres,50-54,2019,1827.3,1407,1198.1,208.9,5.8,420.3,14.847192608386639,76.99885076342144,Normal,Normal
Mujeres,50-54,2018,1808.1,1352.4,1141.4,211,7.8,455.7,15.601892931085477,74.79674796747969,Normal,Normal
Mujeres,50-54,2017,1777.6,1318.4,1089.4,229,5.7,459.2,17.369538834951456,74.16741674167417,Normal,Normal
Mujeres,50-54,2016,1745.5,1286.7,1036.9,249.8,7.9,458.8,19.41400481852802,73.71526783156689,Normal,Normal
Mujeres,50-54,2015,1717.4,1262.7,1010.5,252.2,7.1,454.7,19.973073572503363,73.52393152439734,Normal,Normal
Mujeres,50-54,2014,1687.8,1227.3,963.5,263.8,10.5,460.5,21.494337162877862,72.71596160682546,Normal,Normal
Mujeres,50-54,2013,1655.8,1186.2,926.5,259.7,9.9,469.6,21.893441240937445,71.63908684623748,Normal,Normal
Mujeres,50-54,2012,1632.6,1149.4,920.3,229.2,8.4,483.2,19.940838698451362,70.40303809873821,Normal,Normal
Mujeres,50-54,2011,1600.7,1092.4,912.6,179.9,6.9,508.2,16.46832662028561,68.24514275004687,Normal,Normal
Mujeres,50-54,2010,1554.5,1035,879.5,155.5,6.8,519.6,15.02415458937198,66.58089417819234,Normal,Normal
Mujeres,50-54,2009,1500.4,941.5,808.8,132.7,5.2,558.8,14.094530005310673,62.74993335110637,Normal,Normal
Mujeres,50-54,2008,1447.1,875.6,785.6,90,3.5,571.5,10.27866605756053,60.507221339230185,Normal,Normal
Mujeres,50-54,2007,1394.9,812.4,740.7,71.7,2.8,582.5,8.825701624815363,58.24073410280306,Normal,Normal
Mujeres,50-54,2006,1345.5,738.3,668,70.3,3.2,607.1,9.521874576730326,54.87179487179487,Normal,Normal
Mujeres,55-59,2024,1847.3,1316.2,1160.7,155.5,3.4,531.1,11.814313934052576,71.24993233367618,Normal,Normal
Mujeres,55-59,2023,1827.9,1282.7,1108.7,174,4.7,545.2,13.56513604116317,70.17342305377755,Normal,Normal
Mujeres,55-59,2022,1789.2,1220.3,1060.4,159.9,1.7,568.9,13.103335245431452,68.20366644310306,Normal,Normal
Mujeres,55-59,2021,1748.7,1196.4,1004.8,191.6,5.9,552.3,16.014710799063856,68.4165379996569,Normal,Normal
Mujeres,55-59,2020,1720.3,1149.3,985.5,163.8,3.9,571,14.252153484729838,66.80811486368657,Normal,Normal
Mujeres,55-59,2019,1681.3,1107.8,954.7,153.1,3.1,573.5,13.820184148763314,65.88949027538214,Normal,Normal
Mujeres,55-59,2018,1639.6,1061.2,900.6,160.6,3.3,578.4,15.133810780248774,64.72310319590144,Normal,Normal
Mujeres,55-59,2017,1607.7,1014.2,846.2,168,4.2,593.6,16.56478012226385,63.083908689432114,Normal,Normal
Mujeres,55-59,2016,1574.3,992.6,816.5,176.1,4.7,581.6,17.74128551279468,63.050244553134725,Normal,Normal
Mujeres,55-59,2015,1528.5,933.5,751.9,181.6,5.4,595,19.453668987680768,61.07294733398757,Normal,Normal
Mujeres,55-59,2014,1482.2,869.4,688.8,180.7,6.4,612.8,20.78444904531861,58.656051814869784,Normal,Normal
Mujeres,55-59,2013,1436.2,829.9,663.1,166.8,4.6,606.3,20.09880708519099,57.784431137724546,Normal,Normal
Mujeres,55-59,2012,1396,781.4,633.1,148.3,4.9,614.6,18.978756078832866,55.97421203438395,Normal,Normal
Mujeres,55-59,2011,1357.4,721.3,604.5,116.8,4.8,636.2,16.19298488839595,53.138352733166336,Normal,Normal
Mujeres,55-59,2010,1321.8,646.1,548.4,97.7,4.5,675.7,15.12149822008977,48.88031472234832,Normal,Normal
Mujeres,55-59,2009,1298.3,621.4,532.1,89.4,5.1,676.9,14.38686836176376,47.86258954016791,Normal,Normal
Mujeres,55-59,2008,1291.4,571.1,517.7,53.4,3.8,720.4,9.35037646646822,44.223323524856745,Normal,Normal
Mujeres,55-59,2007,1278.5,533.8,490.2,43.6,2.1,744.8,8.167853128512553,41.7520531873289,Normal,Normal
Mujeres,55-59,2006,1256.4,500.1,459.1,41,3,756.3,8.198360327934413,39.80420248328558,Normal,Normal
Mujeres,60-64,2024,1682.6,874,763.8,110.2,1.9,808.6,12.608695652173912,51.94342089623203,Normal,Normal
Mujeres,60-64,2023,1639.4,835,728.9,106.2,2.1,804.4,12.718562874251496,50.93326826887885,Normal,Normal
Mujeres,60-64,2022,1602.2,777.5,667.5,110,1.4,824.7,14.14790996784566,48.52702534015728,Normal,Normal
Mujeres,60-64,2021,1563.4,727.6,624.1,103.5,2.6,835.8,14.224848818031886,46.53959319432007,Normal,Normal
Mujeres,60-64,2020,1521.6,655.6,571.3,84.3,2.3,866,12.858450274557656,43.08622502628812,Normal,Normal
Mujeres,60-64,2019,1468.5,606.5,522.4,84.1,1.4,862.1,13.866446826051112,41.300646918624444,Normal,Normal
Mujeres,60-64,2018,1414.9,554.3,471.3,83,1.6,860.6,14.973840880389682,39.17591349211958,Normal,Normal
Mujeres,60-64,2017,1370.3,528.2,450.7,77.5,1.7,842.1,14.672472548277165,38.54630372911042,Normal,Normal
Mujeres,60-64,2016,1331.5,508.8,426,82.8,2.4,822.7,16.27358490566038,38.212542245587684,Normal,Normal
Mujeres,60-64,2015,1297.4,462.3,382.7,79.6,2.1,835.1,17.218256543370106,35.63280406967782,Normal,Normal
Mujeres,60-64,2014,1279.5,425.8,355.1,70.6,2.9,853.8,16.58055425082198,33.27862446268073,Normal,Normal
Mujeres,60-64,2013,1277.8,397.1,322.2,74.9,2.2,880.8,18.861747670611937,31.076850837376746,Normal,Normal
Mujeres,60-64,2012,1272.7,389.1,327.7,61.4,1.4,883.6,15.78000514006682,30.57279798852833,Normal,Normal
Mujeres,60-64,2011,1257.9,371.4,327.7,43.7,1.6,886.4,11.766289714593432,29.525399475316,Normal,Normal
Mujeres,60-64,2010,1253.4,343.7,303.9,39.8,2.1,909.6,11.579866162350887,27.42141375458752,Normal,Normal
Mujeres,60-64,2009,1247.1,322,286.2,35.7,1.3,925.2,11.08695652173913,25.81990217304146,Normal,Normal
Mujeres,60-64,2008,1221.3,289.3,265.4,23.8,0.9,932,8.226754234358797,23.687873577335626,Normal,Normal
Mujeres,60-64,2007,1180.4,270.8,252.3,18.5,1.2,909.6,6.831610044313146,22.94137580481193,Normal,Normal
Mujeres,60-64,2006,1130.5,243.9,230.4,13.5,0.5,886.6,5.535055350553505,21.57452454666077,Normal,Normal
Mujeres,65-69,2024,1488.9,155.3,140.4,14.9,0.4,1333.6,9.594333547971667,10.430519175230035,Normal,Normal
Mujeres,65-69,2023,1445.9,143.9,130.9,13,0.1,1301.9,9.034051424600417,9.952278857459023,Normal,Normal
Mujeres,65-69,2022,1391.5,125.9,117.2,8.7,0.3,1265.6,6.910246227164415,9.047790154509523,Normal,Normal
Mujeres,65-69,2021,1358.4,113.1,105.4,7.7,0.4,1245.3,6.808134394341292,8.325971731448762,Normal,Normal
Mujeres,65-69,2020,1349.5,92.5,85.3,7.1,0,1257,7.675675675675675,6.854390515005558,Normal,Normal
Mujeres,65-69,2019,1287.6,76.4,70.3,6.1,0,1211.2,7.984293193717276,5.933519726623175,Normal,Normal
Mujeres,65-69,2018,1259.6,66.8,63.6,3.3,0,1192.8,4.940119760479042,5.303270879644332,Normal,Normal
Mujeres,65-69,2017,1276.6,58.4,55.7,2.7,0,1218.2,4.623287671232877,4.5746514178286075,Normal,Normal
Mujeres,65-69,2016,1253.3,59.1,55.2,3.9,0,1194.2,6.598984771573605,4.71555094550387,Normal,Normal
Mujeres,65-69,2015,1249,55.4,52.8,2.6,0,1193.6,4.693140794223827,4.435548438751001,Normal,Normal
Mujeres,65-69,2014,1241.2,45.8,42.3,3.5,0,1195.5,7.641921397379914,3.689977441185949,Normal,Normal
Mujeres,65-69,2013,1196.7,48.5,44.8,3.6,0,1148.2,7.422680412371134,4.052811899389988,Normal,Normal
Mujeres,65-69,2012,1166.4,52.3,49.8,2.4,0,1114.2,4.588910133843212,4.483882030178326,Normal,Normal
Mujeres,65-69,2011,1127.3,50.3,48.8,1.5,0,1076.9,2.9821073558648115,4.46198882285106,Normal,Normal
Mujeres,65-69,2010,1088.6,49.4,48.6,0.8,0,1039.2,1.6194331983805668,4.537938636781187,Normal,Normal
Mujeres,65-69,2009,1055.8,46.8,45.5,1.3,0,1009,2.777777777777778,4.43265770032203,Normal,Normal
Mujeres,65-69,2008,999.2,42,39.6,2.4,0,957.2,5.714285714285714,4.2033626901521215,Normal,Normal
Mujeres,65-69,2007,947.1,30.9,30.1,0.8,0,916.2,2.5889967637540456,3.2625910674691156,Normal,Normal
Mujeres,65-69,2006,999.1,31.5,30.9,0.6,0,967.5,1.9047619047619047,3.152837553798418,Normal,Normal
Mujeres,70+,2024,4065.4,16.3,15.7,0.5,0.3,4049.1,3.067484662576687,0.4009445565012053,Normal,Normal
Mujeres,70+,2023,3975.3,17.6,17,0.6,0,3957.7,3.4090909090909087,0.4427338817196187,Normal,Normal
Mujeres,70+,2022,3910.4,21.6,21,0.6,0,3888.8,2.7777777777777777,0.5523731587561375,Normal,Normal
Mujeres,70+,2021,3843.5,17.2,17,0.3,0,3826.2,1.744186046511628,0.44750878105893066,Normal,Normal
Mujeres,70+,2020,3680.2,18.6,18.3,0.3,0,3661.5,1.6129032258064515,0.5054073148198468,Normal,Normal
Mujeres,70+,2019,3675.9,18.4,18.3,0,0,3657.6,0,0.500557686552953,Normal,Normal
Mujeres,70+,2018,3629.3,15.7,15.4,0.2,0,3613.6,1.2738853503184715,0.4325903066707078,Normal,Normal
Mujeres,70+,2017,3560.3,16.7,16.2,0.5,0,3543.6,2.9940119760479043,0.4690615959329269,Normal,Normal
Mujeres,70+,2016,3515.3,13.4,13.1,0.4,0,3501.9,2.9850746268656714,0.3811907945267829,Normal,Normal
Mujeres,70+,2015,3448.3,11.5,11.4,0.1,0,3436.7,0.8695652173913043,0.3334976655163414,Normal,Normal
Mujeres,70+,2014,3395.5,12.6,12.4,0.2,0,3382.9,1.5873015873015877,0.3710793697540863,Normal,Normal
Mujeres,70+,2013,3357.2,14,13.7,0.3,0,3343.2,2.142857142857143,0.4170141784820684,Normal,Normal
Mujeres,70+,2012,3310.8,18.5,18.1,0.5,0,3292.3,2.7027027027027026,0.558777334783134,Normal,Normal
Mujeres,70+,2011,3290.1,17.5,17.3,0.3,0,3272.5,1.7142857142857144,0.5318987264824777,Normal,Normal
Mujeres,70+,2010,3256.1,16.1,16,0.1,0,3240,0.6211180124223602,0.4944565584595068,Normal,Normal
Mujeres,70+,2009,3213.1,14.3,14.1,0.2,0,3198.8,1.3986013986013985,0.4450530640191716,Normal,Normal
Mujeres,70+,2008,3200.9,16.6,16.5,0.2,0,3184.3,1.2048192771084336,0.518604142584898,Normal,Normal
Mujeres,70+,2007,3196.1,13.7,13.6,0.2,0,3182.3,1.4598540145985404,0.42864741403585616,Normal,Normal
Mujeres,70+,2006,3104.7,14.8,14.6,0.3,0,3089.9,2.0270270270270268,0.4766966212516508,Normal,Normal
